title,genre,Author
Beni Kor Kuyularda,roman,Toptas Hasan Ali
iki sehrin Hikayesi,dunya klasikleri,Dickens Charles
Bilge Adamin Korkusu,Fantastik,Rothfuss Patrick
Ruzgarin Adi,Fantastik,Rothfuss Patrick
Kinyas ve Kayra 18.yil Resimli Ozel Baskisi,roman,Gunday Hakan
Tirpan,turk klasikleri,Baykurt Fakir
Yedinci Gun,roman,Anar ihsan Oktay
Galiz Kahraman,roman,Anar ihsan Oktay
Golgesizler,roman,Toptas Hasan Ali
Aclik,dunya klasikleri,Hamsun Knut
Cakici'nin ilk Kursunu,turk klasikleri,Ali Sabahattin
Gece Vardiyasi,hikaye,Baykurt Fakir
Savas Sanati,dunya klasikleri,Sun Tzu
Ucurtmayi Vurmasinlar,roman,Cicekoglu Feride
Butun Oykuleri,hikaye,Atilgan Yusuf
ilahi Komedya,dunya klasikleri,Alighieri Dante
Mucizevi Mandarin,roman,Erdogan Asli
Kitab-ul Hiyel,roman,Anar ihsan Oktay
Efrasiyab'in Hikayeleri,roman,Anar ihsan Oktay
Amat,roman,Anar ihsan Oktay
Suskunlar,roman,Anar ihsan Oktay
Beren ile Lithien,inceleme,Tolkien J.R.R.
Devlerin Omuzlarinda Milano Dersleri,deneme,Eco Umberto
Drina Koprusu,roman,Andriç Ivo
Kamyon: Secme Oykuler,hikaye,Ali Sabahattin
Puslu Kitalar Atlasi,roman,Anar ihsan Oktay
Gorme Bicimleri,deneme,Berger John
Beyin Ekran,inceleme,Baker Ulus
isa'nin Guncesi,roman,Anday Melih Cevdet
Komunist Manifesto,deneme,Marx Karl
Seher,hihaye,Demirtas Selahattin
Aylak Adam,roman,Atilgan Yusuf
Olu Zaman Gezginleri,roman,Toptas Hasan Ali
Devran,hikaye,Demirtas Selahattin
Orsinya Oykuleri,hikaye,Le Guin Ursula K.
Cesur Yeni Dunya,roman,Huxley Aldous
Memleketimden insan Manzaralari,siir,Hikmet Ran Nazim
Son Kiz: Esaretimin Hikayesi ve IsiD'le Mucadelem,roman,Murad Nadia
Petrol!,roman,Sinclair Upton
Degirmen,hikaye,Ali Sabahattin
Anayurt Oteli,turk klasikleri,Atilgan Yusuf
Yilanlarin Ocu,Baykurt, Fakir,turk klasikleri,Baykurt Fakir
Kara Ahmet Destani,Baykurt, Fakir,turk klasikleri,Baykurt Fakir
Irazca'nin Dirligi,Baykurt, Fakir,turk klasikleri,Baykurt Fakir
Demiryolu Oykuleri,Varol, Kemal,hikaye,Varol Kemal
Bozkirin Uzak Bahceleri,Baran, Ethem,hikaye,Baran Ethem
Amok Kosucusu,Zweig, Stefan,dunya klasikleri,Zweig Stefan
itiraf,Pala, iskender,roman,Pala iskender
Kendi Isiginda Yanan Adam: Tanidigim Metin Erksan,Kesal, Ercan,hatira,Kesal Ercan
Beyaz Gemi,Aitmatov, Chingiz,roman,Aitmatov Chingiz
Cengiz Han'a Kusen Bulut,Aitmatov, Chingiz,roman,Aitmatov Chingiz
Uc Yil,Chekhov, Anton,dunya klasikleri,Chekhov Anton
Dorian Gray'in Portresi,Wilde, Oscar,dunya klasikleri,Wilde Oscar
Carmen,Merimee, Prosper,dunya klasikleri,Prosper Merimee
Dersu Uzala,Arsenyev, Vladimir,roman,Arsenyev Vladimir
Jamilia,Aitmatov, Chingiz,roman,Aitmatov Chingiz
Al da At Dercesine: Futbol Oykuleri,Cantek, Levent,hikaye,Cantek Levent
Genc Werther'in Acilari,Goethe, Johann Wolfgang von,dunya klasikleri,Goethe Johann Wolfgang von
Ay Isigi Sokagi,Zweig, Stefan,dunya klasikleri,Zweig Stefan
Leporella,Zweig, Stefan,dunya klasikleri,Zweig Stefan
Bir Cokusun Oykusu,Zweig, Stefan,dunya klasikleri,Zweig Stefan
Yuruyen Kelimeler,Galeano, Eduardo,deneme,Galeano Eduardo
Toprak Ana,Aitmatov, Chingiz,roman,Aitmatov Chingiz
Bozkirda Bir Gece Yarisi,Kesal, Ercan,hikaye,Kesal Ercan
Cin Aynasi,Kesal, Ercan,hikaye,Kesal Ercan
Nasipse Adayiz,Kesal, Ercan,roman,Kesal Ercan
Amok Kosucusu,Zweig, Stefan,dunya klasikleri,Zweig Stefan
Bir Dersim Hikayesi,Mungan, Murathan,hikaye,Mungan Murathan
Satranc,Zweig, Stefan,roman,Zweig Stefan
Adem'in Kekligi ve Chopin,Ciftci, Mustafa,hikaye,Ciftci Mustafa
Yengeler Cumhuriyeti,Ciftci, Mustafa,hikaye,Ciftci Mustafa
Ah Mercimegim,Ciftci, Mustafa,hikaye,Ciftci Mustafa
Bozkirda Altmisalti,Ciftci, Mustafa,hikaye,Ciftci Mustafa
Sonsuzluga Nokta,Toptas, Hasan Ali,roman,Toptas Hasan Ali
Emile - Ya da Egitim Uzerine - Hasan Ali Yucel Klasikleri,Rousseau, Jean-Jacques,Deneme,Rousseau Jean-Jacques
Tehlikeli Oyunlar,Atay, Oguz,roman,Atay Oguz
Second Foundation,Asimov, Isaac,Bilim-Kurgu,Asimov Isaac
Foundation and Empire,Asimov, Isaac,Bilim-Kurgu,Asimov Isaac
Bes Ahlak Yazisi,Eco, Umberto,Deneme,Eco Umberto
Peri Gazozu,Kesal, Ercan,Hikaye,Kesal Ercan
Saatleri Ayarlama Enstitusu,Tanpinar, Ahmet Hamdi,Fantastik,Tanpinar Ahmet Hamdi
islamda Savas Bitmistir,Bilici, Mucahit,Deneme,Bilici Mucahit
Askin ve Savasin Gunduz ve Geceleri,Galeano, Eduardo,Hikaye,Galeano Eduardo
Muptezeller,Serbes, Emrah,Roman,Serbes Emrah
Cecu'nun Yer Cuceleri,Eco, Umberto,Cocuk kitabi,Eco Umberto
Kizlarima Mektuplar: Yasamdan Satirbaslari,Kongar, Emre,Deneme,Kongar Emre
Gercekten Bilmeniz Gereken 50 Fizik Fikri,Baker, Joanne,Bilim,Baker Joanne
Homo Deus: Yarinin Kisa Bir Tarihi,Harari, Yuval Noah,Bilim,Harari Yuval Noah
Evrim Kurami ve Mekanizmalari,Bakirci, Cagri Mert,Bilim,Bakirci Cagri Mert
Gercekten Bilmeniz Gereken 50 Felsefe Fikri,Dupre, Ben,Felsefe,Dupre Ben
Gunes de Dogar,Hemingway, Ernest,dunya klasikleri,Hemingway Ernest
Canlar Kimin icin Caliyor,Hemingway, Ernest,dunya klasikleri,Hemingway Ernest
Gazap Uzumleri,Steinbeck, John,dunya klasikleri,Steinbeck John
Devlet ve Kuzgun: 1990'lardan 2000'lere MHP,Bora, Tanil,Arastirma-tarih,Bora Tanil
Devlet, Ocak, Dergah: 12 Eylul'den 1990'lara Ulkucu Hareket,Bora, Tanil,Arastirma-tarih,Bora Tanil
Hamal Kurt,Bilici,Mucahit,Deneme,BiliciMucahit
Vakif,Asimov,Issac,Bilim-Kurgu,AsimovIssac
Futbol Taktikleri Tarihi: 1-2-7'den Tiki-Taka ve Otesine,Wilson, Jonathan,Arastirma-tarih,Wilson Jonathan
Ayet ve Slogan: Turkiye'de islami Olusumlar,Cakir, Rusen,Arastirma-tarih,Cakir Rusen
sahbaba,Bardakci, Murat,Arastirma-tarih,Bardakci Murat
Talat Pasa'nin Evrak-i Metrukesi,Bardakci, Murat,Arastirma-tarih,Bardakci Murat
Different Seasons, King,Stephen,roman, King Stephen
Cujo, King,Stephen,roman, King Stephen
Pet Sematary, King,Stephen,roman, King Stephen
It, King,Stephen,roman, King Stephen
When Nietzsche Wept,Yalom, Irvin D.,roman,Yalom Irvin D.
Leo Africanus,Maalouf, Amin,roman,Maalouf Amin
The Kite Runner,Hosseini, Khaled,roman,Hosseini Khaled
Of Mice and Men,Steinbeck, John,dunya klasikleri,Steinbeck John
Samarkand,Maalouf, Amin,roman,Maalouf Amin
sah & Sultan,Pala, iskender,roman,Pala iskender
sato,Kafka, Franz,dunya klasikleri,Kafka Franz
Turklerin Tarihi: Orta Asya'nin Bozkirlarindan Avrupa'nin Kapilarina,Ortayli, ilber,Arastirma-tarih,Ortayli ilber
Siddhartha,Hesse, Hermann,dunya klasikleri,Hesse Hermann
Fedailerin Kalesi Alamut,Bartol, Vladimir,roman,Bartol Vladimir
Propaganda and the Public Mind,Chomsky, Noam,arastirma,Chomsky Noam
Gaza in Crisis: Reflections on Israel's War Against the Palestinians,Chomsky, Noam,arastirma,Chomsky Noam
Occupy,Chomsky, Noam,arastirma,Chomsky Noam
Media Control: The Spectacular Achievements of Propaganda,Chomsky, Noam,arastirma,Chomsky Noam
Ve Gunler Yurumeye Basladi,Galeano, Eduardo,hikaye,Galeano Eduardo
The Book of Embraces,Galeano, Eduardo,hikaye,Galeano Eduardo
Mirrors: Stories of Almost Everyone,Galeano, Eduardo,hikaye,Galeano Eduardo
Soccer in Sun and Shadow,Galeano, Eduardo,Arastirma-tarih,Galeano Eduardo
Open Veins of Latin America: Five Centuries of the Pillage of a Continent,Galeano, Eduardo,Arastirma-tarih,Galeano Eduardo
A Partisan's Daughter,de Bernieres, Louis,roman,de Bernieres Louis
Birds Without Wings,de Bernieres, Louis,roman,de Bernieres Louis
Corelli's Mandolin,de Bernieres, Louis,roman,de Bernieres Louis
Semaver,Abasiyanik, Sait Faik,hikaye,Abasiyanik Sait Faik
Kuyucakli Yusuf,Ali, Sabahattin,roman,Ali Sabahattin
Kurk Mantolu Madonna,Ali, Sabahattin,roman,Ali Sabahattin
The Fifth Mountain,Coelho, Paulo,roman,Coelho Paulo
Veronika Decides to Die,Coelho, Paulo,roman,Coelho Paulo
The Alchemist,Coelho, Paulo,roman,Coelho Paulo
Son Hafriyat,Serbes, Emrah,roman,Serbes Emrah
Deliduman,Serbes, Emrah,roman,Serbes Emrah
Her Temas iz Birakir,Serbes, Emrah,roman,Serbes Emrah
Erken Kaybedenler,Serbes, Emrah,hikaye,Serbes Emrah
Keep the Aspidistra Flying,Orwell, George,dunya klasikleri,Orwell George
1984,Orwell, George,dunya klasikleri,Orwell George
Cevdet Bey ve Ogullari,Pamuk, Orhan,roman,Pamuk Orhan
A Strangeness in My Mind,Pamuk, Orhan,roman,Pamuk Orhan
The Black Book,Pamuk, Orhan,roman,Pamuk Orhan
The White Castle,Pamuk, Orhan,roman,Pamuk Orhan
Snow,Pamuk, Orhan,roman,Pamuk Orhan
My Name Is Red,Pamuk, Orhan,roman,Pamuk Orhan
Kirmizi Sacli Kadin,Pamuk, Orhan,roman,Pamuk Orhan
ince Memed 1,Kemal, Yasar,turk klasikleri,Kemal Yasar
Uc Anadolu Efsanesi,Kemal, Yasar,turk klasikleri,Kemal Yasar
ince Memed 4,Kemal, Yasar,turk klasikleri,Kemal Yasar
ince Memed 3,Kemal, Yasar,turk klasikleri,Kemal Yasar
Agridagi Efsanesi,Kemal, Yasar,turk klasikleri,Kemal Yasar
The Metamorphosis,Kafka, Franz,dunya klasikleri,Kafka Franz
A Feast for Crows,Martin, George R.R.,Fantastik,Martin George R.R.
A Storm of Swords,Martin, George R.R.,Fantastik,Martin George R.R.
A Clash of Kings,Martin, George R.R.,Fantastik,Martin George R.R.
Unfinished Tales of Nimenor and Middle-Earth,Tolkien, J.R.R.,Fantastik,Tolkien J.R.R.
The Children of Hirin,Tolkien, J.R.R.,Fantastik,Tolkien J.R.R.
The Silmarillion,Tolkien, J.R.R.,Fantastik,Tolkien J.R.R.
The Return of the King*Tolkien, J.R.R.,Fantastik,Tolkien J.R.R.
The Two Towers,Tolkien, J.R.R.,Fantastik,Tolkien J.R.R.
Inventing the Enemy: Essays,Eco, Umberto,Deneme,Eco Umberto
Misreadings,Eco, Umberto,Deneme,Eco Umberto
How to Travel with a Salmon and Other Essays,Eco, Umberto,Deneme,Eco Umberto
Numero zero,Eco, Umberto,roman,Eco Umberto
The Mysterious Flame of Queen Loana,Eco, Umberto,roman,Eco Umberto
The Island of the Day Before,Eco, Umberto,roman,Eco Umberto
The Prague Cemetery,Eco, Umberto,roman,Eco Umberto
On Ugliness,Eco, Umberto,Arastirma-tarih,Eco Umberto
Baudolino,Eco, Umberto,roman,Eco Umberto
History of Beauty,Eco, Umberto,Arastirma-tarih,Eco Umberto
Foucault's Pendulum,Eco, Umberto,roman,Eco Umberto
The Name of the Rose,Eco, Umberto,roman,Eco Umberto
Lavinia,Le Guin, Ursula K.,roman,Le Guin Ursula K.
The Other Wind,Le Guin, Ursula K.,Fantastik,Le Guin Ursula K.
Tehanu,Le Guin, Ursula K.,Fantastik,Le Guin Ursula K.
The Dispossessed,Le Guin, Ursula K.,Bilim-Kurgu,Le Guin Ursula K.
The Tombs of Atuan,Le Guin, Ursula K.,Fantastik,Le Guin Ursula K.
The Word for World is Forest,Le Guin, Ursula K.,Bilim-Kurgu,Le Guin Ursula K.
The Left Hand of Darkness,Le Guin, Ursula K.,Bilim-Kurgu,Le Guin Ursula K.
Ruyanin Ote Yakasi,Le Guin, Ursula K.,Bilim-Kurgu,Le Guin Ursula K.
A Wizard of Earthsea,Le Guin, Ursula K.,Fantastik,Le Guin Ursula K.
The Hobbit, or There and Back Again,Tolkien, J.R.R.,Fantastik,Tolkien J.R.R.
A Game of Thrones,Martin, George R.R.,Fantastik,Martin George R.R.
The Farthest Shore,Le Guin, Ursula K.,Fantastik,Le Guin Ursula K.
The Fellowship of the Ring,Tolkien, J.R.R.,Fantastik,Tolkien J.R.R.
The Little Prince,Saint-Exupery, Antoine de,dunya klasikleri,Saint-Exupery Antoine de
A Connecticut Yankee in King Arthur's Court,Twain, Mark,dunya klasikleri,Twain Mark
Notes from Underground,Dostoyevsky, Fyodor,dunya klasikleri,Dostoyevsky Fyodor
The Trial,Kafka, Franz,dunya klasikleri,Kafka Franz
Animal Farm,Orwell, George,dunya klasikleri,Orwell George
